LAT,LON,SIV,REMOTE,FAILSAFE,L_PWM,R_PWM,GPS_HEADING,GPS_SPEED,Setpoint_Speed,Setpoint_Yaw,L_setpoint,R_setpoint
39.9399892,32.8230826,6,0,0,800,800,144.64,0.56,0.472265741946415,144.69949805909056,802.249399042233,801.1765759229067
39.9399817,32.8230893,7,0,0,800,800,148.37,0.72,0.682449834126263,148.2943659337243,797.4826197782737,799.6423533092517
39.9399708,32.8230911,8,0,0,800,800,151.94,1.08,1.067774768624122,152.04391512255864,797.2203675149018,798.9520258532772
39.9399796,32.8230782,8,0,0,800,800,152.95,0.64,0.6355308081689103,152.99858984539566,795.0144084654294,792.9154738762373
39.939992,32.8230665,9,0,0,800,800,152.95,0.15,0.1426152691758321,153.129400654698,803.9843031406169,799.9687316610535
39.9399981,32.823061,8,0,0,800,800,-1.0,0.01,0.0038275549901774,358.9392386754406,802.610657362632,806.1516127584887
39.9400026,32.8230575,7,0,0,800,800,152.95,0.1,0.1418888248305656,153.0460472349781,803.6589478255448,800.7727811468413
39.9400073,32.8230544,7,0,0,800,800,152.95,0.09,0.005194806497229,152.94276609048683,796.1975490886896,796.704714226131
39.9400107,32.8230511,7,0,0,800,800,152.95,0.08,0.0009859187185747,152.76463260129006,799.0196436144123,800.0290377499113
39.9400184,32.8230508,8,0,0,800,800,-1.0,0.03,0.0555452500908952,359.05193887085915,794.0702734328875,799.5136371203721
39.9400232,32.8230503,8,0,0,800,800,152.95,0.08,0.1006128333455875,152.8282077010993,795.4761026968293,801.8772478102219
39.9400292,32.8230503,7,0,0,800,800,-1.0,0.03,0.0104280119607214,358.9347251559034,796.8823960149379,798.0423294558966
39.9400342,32.8230487,8,0,0,800,800,152.95,0.09,0.0973184904960873,153.06716241646942,800.0002680346862,798.9409231306665
39.9400398,32.8230474,9,0,0,800,800,152.95,0.06,-0.0301211933365689,152.94165194174045,800.7505250921873,801.5993944717937
39.940047,32.8230462,10,0,0,800,800,152.95,0.06,0.0260063378099173,153.09629880359105,795.4915558176722,797.186165144607
39.9400553,32.8230424,12,0,0,800,800,152.95,0.1,0.143416268771461,152.83415419588505,794.5528164376707,798.2924655544871
39.9400601,32.8230398,12,0,0,800,800,152.95,0.08,0.1234751698911249,152.9743303347743,800.2251210464286,802.3032314163545
39.9400685,32.8230378,12,0,0,800,800,152.95,0.12,0.1410673520153685,153.0299811066995,798.0754952659199,799.0416126028871
39.9400684,32.8230399,12,0,0,800,800,152.95,0.24,0.265222184969046,152.97172034280382,797.0974917037616,799.2043079509442
39.9400757,32.8230357,12,0,0,800,800,152.95,0.25,0.1860460363246612,152.9720025754834,798.7885696179831,801.404447989371
39.9400927,32.8230245,12,0,0,800,800,282.3,1.06,1.1625598397738646,282.4189504412207,800.2458522430813,797.6878967008845
39.9400885,32.8230256,12,0,0,800,800,282.3,0.11,0.1592009878916829,282.317588910797,803.2847753894978,797.9534771988885
39.9400912,32.8230244,11,0,0,800,800,282.3,0.11,0.0151764868498089,282.20517063170456,798.4252569876655,799.2557636723197
39.9400955,32.8230222,12,0,0,800,800,282.3,0.07,0.0959374203882982,282.3067282815351,802.3054991198854,798.2319591571036
39.9400967,32.8230201,12,0,0,800,800,282.3,0.16,0.1692273781167443,282.32576144350134,798.1230535048682,800.6947645692329
39.9400963,32.8230161,12,0,0,800,800,282.3,0.22,0.2033797317085091,282.37643631717424,801.5626163035772,798.5651613796133
39.9400989,32.8230152,12,0,0,800,800,282.3,0.06,0.1252440004856735,282.2563219412704,802.4863036662564,797.1418004967722
39.9401018,32.8230134,11,0,0,800,800,282.3,0.14,0.1629183663663923,282.2582437747271,802.621117050035,806.7783952566538
39.9401025,32.8230097,10,0,0,800,800,282.3,0.14,0.1455839206478992,282.35722852519274,800.7882812527359,801.6136462349281
39.9401015,32.8230055,10,0,0,800,800,282.3,0.28,0.3826780887176601,282.43900774813767,799.9411098894158,802.0540967436642
39.9401014,32.8230097,10,0,0,800,800,282.3,0.11,0.1163571831569893,282.3749533282223,803.7810696438448,804.9443369492426
39.9401037,32.8230082,11,0,0,800,800,282.3,0.06,0.0444163244546191,282.32386220036267,799.2930058306847,796.3092320071406
39.9401038,32.8230088,10,0,0,800,800,282.3,0.14,0.2023254488643811,282.35293910249914,800.8195572932892,803.3631052782495
39.9401011,32.8230136,10,0,0,800,800,282.3,0.27,0.3109002659686482,282.33698360470765,797.9085560828474,800.4394101143832
39.940097,32.8230158,11,0,0,800,800,282.3,0.4,0.4096896953412293,282.1567316637425,798.6842367648484,797.9948670372671
39.9401006,32.823012,12,0,0,800,800,282.3,0.2,0.1846594788193198,282.33282803302774,797.031451673977,797.8700928246363
39.940108,32.8230075,12,0,0,800,800,-1.0,0.02,0.0855121479979349,358.9544264371767,797.7545486835776,794.8940820512228
39.9401157,32.8230016,12,0,0,800,800,282.3,0.25,0.3068668959381171,282.2812414796753,803.1000073724427,798.9392887760898
39.9401194,32.8229989,12,0,0,800,800,282.3,0.23,0.1897126657982155,282.24842463224,792.2268018524375,802.8827042547941
39.9401222,32.8229969,11,0,0,800,800,282.3,0.21,0.2803160591392151,282.22658641358163,795.318736885158,798.389228368881
39.9401215,32.8229968,11,0,0,800,800,282.3,0.08,0.0022980452308462,282.3997254212221,803.3069864566032,798.9711027654545
39.9401311,32.8229904,11,0,0,800,800,282.3,0.31,0.3510268500386753,282.24882619000005,798.6813856201693,799.1169386265666
39.9401303,32.8229888,10,0,0,800,800,282.3,0.2,0.0895883180866915,282.1859008649396,802.2558550872592,802.1589291114716
39.9401286,32.8229859,11,0,0,800,800,282.3,0.23,0.2718414637648177,282.43560624965346,802.7914318611009,795.3866996883748
39.9401256,32.8229838,11,0,0,800,800,282.3,0.23,0.1751495096729138,282.3372486933475,797.8929571814996,797.3689570277861
39.9401211,32.8229802,13,0,0,800,800,282.3,0.35,0.2713799534292166,282.49540409625143,803.1897760189447,795.6002344598126
39.9401189,32.8229747,12,0,0,800,800,282.3,0.38,0.4007215174483662,282.35841039807525,802.2758480571747,797.0397495969029
39.9401229,32.8229696,13,0,0,800,800,282.3,0.25,0.2387354508278427,282.3340143444222,795.7257155939438,800.2549537738026
39.9401203,32.8229685,13,0,0,800,800,282.3,0.26,0.2147225538943913,282.3477865924621,795.1507252171313,800.6716563827656
39.9401151,32.8229668,13,0,0,800,800,282.3,0.28,0.3157570213342839,282.3079824020975,799.1165845781875,798.1997703066081
39.9401134,32.8229683,11,0,0,800,800,282.3,0.18,0.1805544471771282,282.1895323496037,801.3756427521066,796.006445880193
39.9401105,32.8229716,11,0,0,800,800,282.3,0.15,0.1321562568476744,282.49661140735697,799.3808029490459,803.307981438418
39.9401069,32.8229727,12,0,0,800,800,282.3,0.17,0.1166406354405479,282.38173433772147,804.7727885557897,798.8236442261945
39.9401117,32.8229698,13,0,0,800,800,282.3,0.12,0.1401003101009942,282.2659104555099,804.3442708921049,796.6521313083373
39.9401145,32.8229682,13,0,0,800,800,282.3,0.18,0.2069034648263174,282.15208292045776,796.2183865470589,802.9922553360748
39.9401112,32.8229698,12,0,0,800,800,282.3,0.08,0.1234670981384415,282.30276514338584,801.3965888829283,803.9182722299056
39.9401096,32.8229685,11,0,0,800,800,282.3,0.09,0.0892515049935981,282.41851357116457,801.8555100125856,801.9829536288737
39.9401104,32.8229685,10,0,0,800,800,-1.0,0.03,0.0478269511994685,359.15262831095697,798.9218087886333,801.6703776858676
39.940105,32.8229707,10,0,0,800,800,282.3,0.15,0.0985090686038214,282.44965325316565,801.8927896829007,802.0974017041551
39.9401091,32.8229675,12,0,0,800,800,282.3,0.06,0.018935174080735,282.52547632030945,800.9304831201295,804.1546978543682
39.9401097,32.822968,12,0,0,800,800,-1.0,0.03,0.072893551265479,359.0592563301503,805.6289477944678,798.5926080997873
39.9401106,32.8229683,12,0,0,800,800,282.3,0.07,0.1124568720779037,282.159189999376,802.3511104719413,800.6348203035749
39.9401111,32.8229686,13,0,0,800,800,282.3,0.1,0.1248730629765061,282.2259316578028,794.8225717220591,803.7003172040061
39.9401144,32.8229677,13,0,0,800,800,282.3,0.08,0.1162272225689528,282.44740543965105,801.5454880558058,800.4857686209253
39.9401194,32.8229655,12,0,0,800,800,282.3,0.05,0.0421433266436604,282.42465523997083,803.0735518370316,799.4400656271129
39.9401211,32.8229654,15,0,0,800,800,282.3,0.09,0.117326889032782,282.36687168589714,805.4213456472768,798.2844639936811
39.9401227,32.8229657,15,0,0,800,800,282.3,0.1,0.0918046971032214,282.3320816933409,800.8661542885078,806.5953351086281
39.9401218,32.8229676,14,1,0,1003,999,282.3,0.06,0.0150934162220736,282.4195625416105,1000.842753881524,1000.5737983797936
39.9401155,32.8229654,15,1,0,1200,800,282.3,0.73,0.6717409035583929,282.23426482407785,1202.3227714508455,801.4282919317785
39.9401109,32.8229599,15,1,0,800,999,282.3,0.78,0.781784275022292,282.15463552854635,801.1491239832137,1000.0323110053392
39.9401055,32.8229582,15,1,0,800,800,282.3,0.64,0.7079777284578066,282.1611135474216,796.6521898473874,800.5394905713713
39.9401007,32.8229549,15,1,0,800,800,282.3,0.63,0.6193807866643879,282.12525888092347,798.9069635314673,799.1831079505371
39.9400979,32.8229534,16,1,0,1002,800,282.3,0.59,0.5531310160706667,282.2517635665835,1006.256595775837,800.7105352276591
39.9400958,32.8229583,17,1,0,800,999,282.3,0.5,0.504864869673563,282.3030861852088,806.1977563229282,997.9532736930164
39.9400963,32.8229629,17,1,0,800,800,282.3,0.52,0.5637572655767785,282.5728131874221,797.3985335904937,797.2817197073682
39.9400947,32.8229649,18,1,0,800,800,282.3,0.45,0.4247511762994637,282.20403230874086,799.7523628450633,799.8910933607069
39.9400941,32.8229633,17,1,0,800,800,282.3,0.48,0.3945516986284059,282.2792580980016,801.3973754961329,795.2347053927975
39.9400963,32.8229594,17,1,0,800,800,282.3,0.49,0.494713530510457,282.3753890035722,799.4897765131718,798.4751429784545
39.9400971,32.8229553,18,1,0,800,800,282.3,0.41,0.4142459222802669,282.43866825324653,801.7399463262504,798.777917603668
39.9400981,32.822955,19,1,0,800,800,282.3,0.25,0.1880497751598873,282.2350793951267,796.7907971256047,804.3028340585273
39.9401004,32.8229552,19,1,0,800,800,282.3,0.19,0.1661162880110355,282.29127189718344,797.0142618179077,797.1032815428949
39.9401017,32.8229556,19,1,0,800,800,282.3,0.2,0.2573524329999531,282.4043508496739,793.5858209600468,802.719895747591
39.9401023,32.8229559,19,0,0,800,800,282.3,0.17,0.1640909310820947,282.2936371543609,802.4266507635214,795.3251484133921
39.9401019,32.8229555,19,0,0,800,800,282.3,0.16,0.0716641192580518,282.35048366781973,798.3716113867532,806.1041306534756
39.9401026,32.8229554,19,0,0,800,800,282.3,0.12,0.0270962200600475,282.3326254979229,798.5018370589278,797.0787836213544
39.9401028,32.8229571,20,0,0,800,800,282.3,0.1,0.0747126647219392,282.35302407123754,800.3136296494635,800.5022713603313
39.9401032,32.8229578,19,0,0,800,800,282.3,0.05,0.0762785437563254,282.4509582460672,804.4124431529534,801.9143566039127
39.9401022,32.8229607,20,0,0,800,800,282.3,0.12,0.1801413296862582,282.1639730366232,799.6886094034517,808.0022099167853
39.9401018,32.8229618,20,0,0,800,800,282.3,0.11,0.0187267997764833,282.3270022849709,799.7880528512915,796.6099073851586
39.9401015,32.8229626,20,0,0,800,800,282.3,0.1,0.0964819910237815,282.25934623738004,806.1238022828957,802.4766798084648
39.9401002,32.8229643,20,0,0,800,800,282.3,0.09,0.1076936366911878,282.3132391914229,794.7897556460713,802.2855811049343
39.9400995,32.8229657,21,0,0,800,800,282.3,0.1,0.1362436002162725,282.2460132242176,802.0279459994391,800.5086270899335
39.9400896,32.8229738,21,0,0,800,800,192.96,0.9,0.9069602902674284,192.8637110171996,799.6434583581583,796.2679257161219
39.9400873,32.822975,21,1,0,800,800,187.05,0.42,0.3853067885959521,187.16995866649168,796.4978362639165,800.5925300486138
39.9400873,32.8229746,21,0,0,800,800,187.05,0.16,0.2139027645677674,186.96629909620003,801.9997163727633,799.398392584621
39.9400877,32.8229745,21,0,0,800,800,-1.0,0.02,-0.0866418297932306,358.893239430803,805.1330781920548,792.5831146898485
39.9400873,32.8229756,21,0,0,800,800,187.05,0.11,0.0935450896384713,187.15646974473609,800.0023219495174,801.9187880826914
39.9400862,32.8229762,21,0,0,800,800,187.05,0.14,0.172907480021856,187.1620024856336,800.2449414058036,799.1804593937894
39.9400829,32.8229756,21,1,0,1056,998,187.05,0.35,0.4468122853475443,187.12583581726625,1053.7360047505688,1001.0867545904516
39.940074,32.8229723,21,1,0,800,800,196.96,0.97,0.927351332500512,196.88056068789152,803.0614455992396,798.2269091920624
39.9400678,32.8229688,20,1,0,800,800,199.79,0.81,0.7752911460144488,199.8024983554889,797.3096518393351,797.2388667520754
39.9400648,32.8229638,20,1,0,1003,800,199.79,0.61,0.6681106561958928,199.93747989155216,1003.5042636445236,801.2802791837036
39.9400625,32.822957,20,1,0,800,800,199.79,0.7,0.7053271877327165,199.7159246185807,803.3788361390455,798.503771811184
39.9400635,32.8229503,20,1,0,800,800,199.79,0.49,0.4468341599018886,199.70453510551943,800.5955865384251,802.0308768652958
39.9400631,32.8229442,20,1,0,800,800,199.79,0.5,0.473233379677674,199.80483129997327,797.6187637593404,805.8216747945297
39.9400645,32.8229389,20,1,0,1003,999,199.79,0.41,0.3360713237701113,199.8762825439205,1000.7282331783592,1001.4979122521476
39.9400671,32.8229349,19,1,0,800,800,199.79,0.43,0.3869233140790598,199.8877198874789,806.1281399946214,796.4078309909793
39.9400692,32.8229313,18,0,0,800,800,199.79,0.43,0.4554062901595987,199.80869438642176,794.8041172385517,802.2262488298002
39.9400704,32.8229289,18,0,0,800,800,199.79,0.35,0.3475571182291126,199.76477749485,798.2767940858922,798.2455176696939
39.9400743,32.8229257,18,1,0,1003,800,199.79,0.46,0.4722529182551792,199.6924724720081,1000.3727934484464,799.0906232355626
39.9400787,32.8229234,18,1,0,800,800,259.41,0.51,0.4134227510696968,259.4532036046583,800.9807113257793,801.236940389486
39.9400873,32.8229187,19,1,0,800,800,299.98,0.77,0.7992644960392705,299.8934704003421,794.9200765438314,798.9271632145116
39.9400957,32.8229161,19,1,0,800,800,333.67,0.84,0.8136993253262939,333.5653832411483,798.8038342221121,798.8843217546535
39.9400973,32.8229158,19,1,0,800,800,333.67,0.4,0.3995008564768152,333.52737478641245,800.971044885109,800.9987107176429
39.9400993,32.8229175,19,1,0,800,800,333.67,0.31,0.2116716695087324,333.63865320619027,800.0814644284819,795.6462143739496
39.9401013,32.8229195,18,1,0,1003,999,333.67,0.28,0.2725318719849758,333.7646761779635,1001.6149817614968,996.5956248205092
39.9401015,32.8229228,18,1,0,800,800,333.67,0.41,0.3977853910440482,333.6584540218857,804.3877398430802,802.2264603135089
39.9401041,32.8229272,18,1,0,800,800,333.67,0.59,0.5636639514198227,333.9721768215909,807.7488006236465,805.5795946601827
39.9401098,32.8229301,18,1,0,1002,800,349.22,0.74,0.7900892690954544,349.2894848899043,1002.029732504362,799.1765520665773
39.9401141,32.8229377,16,1,0,1002,999,349.22,0.85,0.8104682753445901,349.2401758318253,1002.7861344818616,997.6767276822844
39.9401162,32.8229506,17,1,0,800,800,23.08,1.18,1.214802794456667,23.159818138864093,799.5804543748487,803.6713429247382
39.9401182,32.8229603,17,1,0,1002,998,23.08,1.03,1.1038837429844508,23.19507829947729,1002.5090248525796,997.5006307704396
39.94012,32.8229659,17,1,0,800,800,23.08,0.79,0.8616455576481374,23.168088110269323,802.8906281236215,799.1832836282596
39.9401177,32.8229725,17,1,0,1003,999,23.08,0.65,0.5968856854344138,23.1161615742327,1002.6635905035604,996.7198288652248
39.9401163,32.8229854,18,1,0,800,800,56.87,0.9,0.8833159364676313,56.82258847540773,803.8616205190665,799.1582287414096
39.9401172,32.8229905,18,1,0,800,800,56.87,0.7,0.7105074029737315,56.952247438979605,799.0274122020966,797.0139411640203
39.9401222,32.8229913,18,0,0,800,800,56.87,0.59,0.5382302921662353,56.885380777973005,800.6642605364068,798.6339142914137
39.9401321,32.8229771,18,1,0,1002,800,7.69,1.1,1.0647926073039653,7.60933379521519,997.1667497067004,799.2244172018773
39.9401358,32.8229797,17,1,0,1002,800,7.69,0.61,0.6307730669716552,7.448425612102697,998.0309093875612,805.2896561000458
39.9401368,32.8229882,17,1,0,1003,800,7.69,0.56,0.6182265874364612,7.864159613427462,998.0880158698868,795.9362962952504
39.9401355,32.822994,17,1,0,800,800,7.69,0.44,0.5255309542303114,7.575876000255745,801.3116503829793,799.217983296217
39.9401321,32.8229988,17,1,0,1003,999,7.69,0.44,0.3775745566683625,7.557950903566764,1000.5825471536753,994.6806117865048
39.9401259,32.8230025,17,1,0,1002,999,59.35,0.64,0.6620057989179077,59.15311769623668,1000.3972449485708,998.76735245565
39.940116,32.8230108,17,1,0,1002,999,119.05,0.98,0.972424426888875,118.96683464519592,1005.6633263109036,999.0074622862426
39.9401089,32.8230164,17,1,0,800,800,133.79,0.88,0.8551275199829826,133.62183658093252,800.0162351281508,801.5872581667795
39.9401037,32.8230216,16,1,0,800,999,140.82,0.81,0.8830288020218897,140.76124718741332,798.7413979100193,1000.8295582707534
39.9400925,32.8230312,18,1,0,800,800,146.33,0.99,1.0449299167717292,146.16929784380503,804.2229699560231,802.25452547789
39.9400859,32.8230396,16,1,0,1002,800,143.2,0.97,0.955534646080296,143.17587548627665,998.8103318490328,801.3921078213021
39.9400817,32.8230447,16,1,0,800,800,140.76,0.84,0.8269446580694708,140.77995264131746,800.8098635041978,799.7736340425485
39.9400764,32.8230521,15,1,0,800,800,137.9,0.87,0.8800490019791011,137.90925271622916,803.8188140803366,798.0739735557129
39.9400716,32.8230543,14,1,0,800,800,142.08,0.75,0.7822391044188778,142.0293019548772,800.3149198289074,799.39444116135
39.9400669,32.8230571,14,0,0,800,800,146.51,0.68,0.7116189106871587,146.5589411651175,802.5900889892141,800.6984772491084
39.9400652,32.823057,13,1,0,800,800,146.51,0.48,0.5038249718008802,146.537555550124,802.3945199049309,800.825286820428
39.9400605,32.8230615,14,1,0,800,800,146.51,0.52,0.5574703866429553,146.46461721132127,796.8044818776384,799.1066193120093
39.9400569,32.8230662,12,1,0,1002,800,146.51,0.55,0.5901103841461857,146.57355882330938,1007.4862164193828,799.2381513829743
39.9400413,32.8230702,13,1,0,800,800,158.99,1.01,0.9281486225496534,158.95736165487966,800.4825384615482,796.7794940972386
39.9400385,32.8230718,15,1,0,800,800,158.99,0.64,0.6361601437084294,159.08105650484515,804.8661951808842,799.3644633685569
39.9400374,32.823068,15,1,0,800,800,158.99,0.4,0.3720848778711018,159.00096061250693,802.975563542072,803.1593758805076
39.9400375,32.8230701,16,1,0,1003,800,158.99,0.07,0.1081749693299469,159.162096242506,1005.0389762674972,798.1640115162224
39.9400362,32.8230704,15,1,0,800,800,158.99,0.23,0.269265290868834,158.9439842630982,803.3046944194081,801.9816445293267
39.9400306,32.82307,15,1,0,1002,999,158.99,0.6,0.5878686630348738,159.0765336137768,1000.972000220056,999.3277374007552
39.9400317,32.8230607,14,1,0,1003,999,158.99,0.7,0.7541883714386267,158.93554965293845,1002.8950378734216,997.1550228507646
39.9400333,32.8230532,16,1,0,800,800,158.99,0.79,0.8218833278192044,159.16591069641206,800.8856863296731,802.8801517255565
39.9400352,32.8230449,16,1,0,800,800,203.9,0.76,0.7996137329745163,204.04675140932,797.8642208824658,801.2732996212818
39.9400344,32.8230395,16,1,0,800,999,203.9,0.66,0.6313811727519143,203.9785811871899,798.7761762532751,1000.9351776263908
39.9400296,32.8230349,17,1,0,1002,982,203.9,0.8,0.909698803962246,203.86754841469823,995.9176005727156,980.431252879933
39.9400267,32.8230259,16,1,0,800,800,203.9,0.81,0.831765643403334,203.87548175589157,803.1271527546078,806.3242548295169
39.9400229,32.8230221,17,1,0,800,800,203.9,0.65,0.566266844310642,203.90188424728265,804.6887591195235,800.7959169215824
39.9400194,32.8230185,17,1,0,800,945,203.9,0.63,0.6787883764842747,203.92945043828237,796.5691216161408,942.0860396529184
39.9400156,32.8230131,17,1,0,800,800,203.9,0.72,0.6971695885448911,204.00671776687813,801.874183707352,797.6082933842764
39.940013,32.8230118,18,1,0,800,800,203.9,0.46,0.4472255143336069,204.0077602811059,797.087166611984,797.6702560010166
39.9400117,32.8230103,18,0,0,800,800,203.9,0.44,0.4209213333782636,203.9355550461232,803.5527290032294,804.3922954721143
39.9400085,32.8230095,17,0,0,800,800,203.9,0.43,0.3841126788699476,203.74516147343107,798.9284480214911,799.3278873673084
39.9400061,32.8230083,18,1,0,800,800,203.9,0.41,0.4693108977397757,203.8300508263623,797.0809468341661,800.8153304001419
39.9400044,32.8230077,18,1,0,1003,800,203.9,0.33,0.3318069371920013,203.97088516777248,1003.697763827822,795.1128429097565
39.9400017,32.8230041,18,1,0,1003,800,203.9,0.48,0.4566840344129538,203.94642039115527,1002.1080672315978,801.7006012073533
39.9400022,32.8230018,17,1,0,800,800,203.9,0.34,0.2127539960638395,203.84891144146275,795.0180166215373,800.5963793213423
39.9400017,32.8229972,17,1,0,800,800,203.9,0.43,0.3665306519333998,203.74567858267596,799.7636914749845,795.3654478353052
39.9400024,32.8229918,17,1,0,1002,800,203.9,0.45,0.5214819900281175,204.0242883509155,1004.3800428115852,800.9475586701252
39.940004,32.8229884,16,1,0,1002,800,203.9,0.32,0.3294137878800633,203.9552416625003,1001.7966053826576,799.5040296996792
39.9400101,32.8229864,17,1,0,1002,998,273.85,0.46,0.4956186799830869,273.79198968552646,1003.0731399707146,997.935141329848
39.940017,32.8229821,18,1,0,800,999,314.23,0.68,0.7429943578905317,314.2299977446447,793.5482840666655,1005.7682506293352
39.9400068,32.8229892,19,1,0,800,800,226.03,0.6,0.5883335936564582,225.90571733109144,801.5987610473314,798.4093568408178
39.9400138,32.8229825,18,1,0,1002,999,226.03,0.35,0.2717584102424906,226.1699581045531,999.5076976415302,1001.8177054119806
39.9400215,32.8229762,17,1,0,1002,999,304.9,0.74,0.7524118845929537,304.9302146272559,1003.803610142221,992.8328350420772
39.9400292,32.8229695,17,1,0,1003,999,317.4,0.9,0.8602686914730686,317.42528099181345,1003.2443957933468,997.3169207671538
39.940037,32.8229633,17,1,0,800,800,323.44,0.92,0.8815368358918992,323.4989147076554,798.5154776702061,802.9995883890695
39.9400413,32.8229597,17,1,0,800,800,325.24,0.68,0.5548296055132609,325.2340463513233,799.6184695139297,802.2195352474683
39.9400462,32.8229558,17,1,0,800,800,327.62,0.61,0.5865752768930458,327.58808408786706,800.357834328765,802.3380544456778
39.9400509,32.822952,17,1,0,800,800,327.31,0.59,0.5539754781748051,327.3741442971872,796.735868484957,794.5700028648986
39.9400571,32.8229471,17,1,0,800,800,328.3,0.7,0.5955036910303848,328.37465793708145,798.170706949172,800.4837405156692
39.9400613,32.8229426,17,0,0,800,800,326.43,0.58,0.6029232933631127,326.4035862416591,802.7189051845407,793.8036562953685
39.9400663,32.822938,17,1,0,800,800,327.4,0.61,0.5530399228828677,327.286884379766,803.7558197470532,799.1822517732204
39.9400683,32.8229348,18,1,0,1003,800,327.4,0.3,0.3582326983796653,327.355595118224,1001.1955581973816,797.6293591251348
39.9400751,32.8229274,18,1,0,800,800,327.4,0.52,0.6097704092874988,327.28310809445406,798.6001403890559,803.6452435341763
39.9400825,32.822921,17,1,0,800,800,326.63,0.54,0.5654669046505872,326.68237853691613,795.3551829997922,798.9585946755238
39.9400776,32.822922,19,1,0,1002,800,326.63,0.34,0.2757449728562583,326.6902382704821,1000.2767719234948,796.9031262931853
39.9400838,32.8229208,18,1,0,1003,800,326.63,0.22,0.2141523487558222,326.5859831215014,1002.271247877808,798.3688989576802
39.9400852,32.8229255,19,1,0,800,800,326.63,0.61,0.6419034545105997,326.65710531117134,803.0687764314766,797.9288299983743
39.9400926,32.8229258,19,1,0,1003,999,326.63,0.45,0.5405209606087725,326.4184410265927,1003.1079410719336,1001.1547148986494
39.9400955,32.8229333,18,1,0,1002,800,26.04,0.81,0.8089211138748392,26.05484195719717,1003.6256078963472,797.8549297276409
39.9400978,32.8229398,18,1,0,800,800,26.04,0.65,0.7877299480877447,26.06981053439826,796.6581285835241,801.8127953019774
39.9400981,32.8229477,19,1,0,800,800,64.89,0.75,0.7384067991682757,64.93178876648153,794.7196606763898,800.4805327087213
39.9400986,32.822954,19,1,0,800,800,86.07,0.63,0.6368782240586294,85.97471877618264,800.8247345089019,802.6079608319847
39.9401006,32.8229577,19,1,0,800,800,86.07,0.44,0.3764174516677716,86.16709384782173,800.8731034917053,799.6255112902983
39.9401025,32.8229613,19,1,0,800,800,86.07,0.42,0.3790131912830541,86.129538341977,805.2885333783407,802.5967033355305
39.9401026,32.8229658,18,1,0,1003,800,86.07,0.46,0.4429687441547323,86.09271457443904,1003.446291512317,800.6178503339935
39.9401012,32.8229692,18,1,0,800,800,86.07,0.44,0.4871737624964877,85.9142895853357,799.3450317159143,796.1953940709772
39.9400981,32.8229701,18,1,0,800,800,86.07,0.45,0.4450455040250849,86.0256152766155,801.1427711457898,801.0696293878273
39.9400991,32.8229713,17,1,0,800,800,86.07,0.3,0.3752180450240637,85.77838490285305,798.1247904851461,800.8815910700694
39.9401003,32.8229719,18,1,0,800,800,86.07,0.25,0.1878505470539371,86.03600509349839,801.437300592636,806.0615084398938
39.9401033,32.8229719,18,1,0,800,800,86.07,0.14,0.1592243342169678,86.05792602607288,800.3480230878794,795.6619907446757
39.9401055,32.8229718,18,1,0,800,800,86.07,0.12,0.1903906704852819,86.15232103746831,797.3124811003257,803.7271790004708
39.9401066,32.8229726,18,1,0,800,800,86.07,0.16,0.1774601054448543,86.10888764000526,800.8403728584434,799.6226833668145
39.9401087,32.822972,19,1,0,800,800,86.07,0.1,0.0526554650867346,85.9932273211041,793.411777600293,799.2548938618737
39.9401079,32.8229731,20,1,0,800,800,-1.0,0.05,0.0513468609867552,358.9793374449412,802.0572833321172,800.0137608490868
39.9401052,32.8229757,21,1,0,800,800,86.07,0.24,0.3334092443948869,85.94839149453747,798.1830803200021,802.0989487775156
39.9401001,32.8229779,20,1,0,800,800,86.07,0.42,0.4164049045393246,85.93595903749271,797.2404433563744,797.3539170994712
39.9400994,32.8229767,21,1,0,1003,800,86.07,0.16,0.1411278056846924,85.99354051928954,1007.4772518141408,796.8274425498257
39.9401012,32.8229721,21,1,0,800,800,86.07,0.37,0.444924102100697,86.22407411432093,800.8364007555498,801.2087996262962
39.9401002,32.8229692,20,1,0,1002,800,86.07,0.32,0.3603927405767924,85.99731688101288,1001.7605419167044,802.7138359515129
39.9401016,32.8229674,21,1,0,800,800,86.07,0.27,0.2553903645738577,86.21326963202411,801.495192923816,801.1479450842303
39.9401045,32.8229669,23,1,0,1003,999,86.07,0.3,0.3248977870332793,86.26919103896066,998.4907802734056,999.2021578143136
39.9401086,32.8229678,22,1,0,1003,800,86.07,0.49,0.5116387477087961,86.14797994301661,1006.6269505206708,802.4268651970697
39.9401156,32.822972,22,1,0,800,800,46.6,0.81,0.7458771532684801,46.64781859332312,803.8125806214256,796.7031179573681
39.9401203,32.8229791,23,1,0,800,800,49.36,0.79,0.7824430784849631,49.40136452341336,802.0348455791216,803.4905329401201
39.9401269,32.8229864,21,1,0,800,800,47.88,0.92,1.0801091592602852,47.8427046839695,799.3523330829318,801.4912358575899
39.9401318,32.8229934,22,1,0,800,800,47.88,0.85,0.7750233919590173,48.02346065442767,796.6805520422846,798.5501347848881
39.9401332,32.8229999,22,1,0,800,800,47.88,0.65,0.7001955722660169,48.00490437117383,797.672009976563,801.4909164403523
39.9401342,32.8230043,21,1,0,800,800,47.88,0.46,0.5089212314396199,47.68597374843172,797.1982812127476,798.217284341701
39.9401358,32.8230113,21,1,0,800,800,47.88,0.61,0.6376443143645093,47.84947089698083,798.3321406562228,799.9256453312659
39.9401374,32.8230154,21,1,0,800,800,47.88,0.44,0.4787794981067537,47.95771747105659,801.9644375058732,800.7523273331275
39.9401403,32.823019,21,1,0,800,800,47.88,0.44,0.4956902916949727,47.87449196006793,802.2953024441714,794.6912691291391
39.9401441,32.823018,22,1,0,800,800,47.88,0.26,0.2246579861880203,48.03208716883005,798.3818490634882,803.5654951920561
39.9401451,32.8230206,20,1,0,800,800,47.88,0.22,0.2311364902795591,47.87082954641876,799.6579313436325,799.5004908832321
39.9401483,32.8230205,21,1,0,800,800,47.88,0.24,0.2366946399031317,47.77977641805288,799.9608771965893,800.1323123851541
39.9401529,32.8230123,19,1,0,800,800,47.88,0.47,0.4504388958363158,47.768451588686645,797.0553917098147,806.1015623816205
39.9401521,32.8230115,19,1,0,800,800,47.88,0.11,0.0075735997675531,47.9666339709375,799.220427960861,800.6375763634209
39.9401547,32.8230079,20,1,0,800,800,47.88,0.17,0.1735183332618796,47.81733216133418,801.7562888430973,803.8260368458491
39.9401554,32.8230066,20,1,0,800,800,47.88,0.1,0.1382032194143855,48.01678560035259,795.2654407135276,798.2919748262874
39.9401544,32.8230079,18,1,0,800,800,47.88,0.12,0.2173333543241942,47.88981394049454,794.7621599432271,797.9375869584546
39.9401535,32.8230095,19,1,0,800,800,47.88,0.22,0.2328136913435325,47.81642943572269,800.656913673455,802.028022938156
39.9401533,32.8230094,19,1,0,800,800,47.88,0.16,0.1506145024823457,47.87598796426055,797.3324595912646,800.0130508346934
39.9401556,32.8230103,18,1,0,1002,999,47.88,0.22,0.2385316674370055,47.81381706372578,1005.542376302248,997.3759287028151
39.9401578,32.823012,19,1,0,1200,1200,47.88,0.24,0.1900334041225111,47.9919324851226,1197.5590121466814,1201.6144001288085
39.9401587,32.823011,20,1,0,1200,999,47.88,0.07,0.1611457955067798,47.99083852095611,1207.8705311547883,996.973837054881
39.9401611,32.8230062,19,1,0,1200,999,47.88,0.17,0.1503299153437777,47.87551007463344,1196.4935558860136,999.0958234386072
39.9401639,32.8230039,19,1,0,1200,999,47.88,0.15,0.1537170512475342,48.0108269385979,1198.9769845436774,999.5201371555412
39.9401663,32.8229999,19,1,0,1200,999,47.88,0.26,0.3141147661107576,47.76107280628858,1195.6301702315109,992.3302543735248
39.940166,32.8229959,20,1,0,1200,999,47.88,0.18,0.2078630204846323,47.94992075286658,1203.5516254351662,997.4077568791528
39.9401654,32.8229931,20,1,0,1200,999,47.88,0.16,0.1891375080292029,47.77290019484662,1198.606242277384,996.282446888392
39.9401641,32.8229923,20,1,0,1200,999,47.88,0.07,0.0242483711682526,47.81053815648896,1199.7963534423914,1001.033167708267
39.9401643,32.822991,18,0,1,800,800,47.88,0.06,0.0572750862717393,47.90875225119496,800.3104699570393,795.3611278812812
39.9401638,32.822989,18,0,1,800,800,-1.0,0.01,0.0784603795392075,359.0938958210564,804.3892670138493,797.6757960982167
39.9401647,32.8229865,19,0,1,800,800,47.88,0.13,0.1743928074421842,47.7409334900086,808.3894999832554,806.763191215672
39.9401669,32.822984,22,0,1,800,800,47.88,0.31,0.3292937187277711,47.71669169286482,800.2697061456035,799.5494932877136
39.9401745,32.8229749,19,0,1,800,800,340.87,1.01,1.0122520498899432,340.89863206703353,799.9410514154919,792.9579175789939
39.940176,32.8229787,21,0,1,800,800,340.87,0.28,0.2766864404093054,340.9003068188584,799.1988032705476,800.5448121452935
39.9401792,32.8229836,21,0,1,800,800,340.87,0.27,0.2962542708598616,340.9256874581685,797.3929591358741,799.3100806807064
39.9401767,32.8229891,18,0,1,800,800,340.87,0.38,0.3887834310234747,340.7710041663595,799.0609605574085,798.915277512773
39.9401767,32.8229886,19,0,1,800,800,340.87,0.21,0.2130238057770876,340.84841346799107,798.6259214238174,801.3033923344697
39.9401755,32.8229876,20,0,1,800,800,340.87,0.13,0.098532349736719,340.99829969424974,798.8510877069928,800.7016891451835
39.940176,32.82299,20,0,1,800,800,340.87,0.17,0.1679118336636792,341.06698150883943,801.0834109012527,796.2202543480265
39.9401775,32.8229944,21,0,1,800,800,340.87,0.15,0.1410764836465252,340.822679217685,807.7199486166493,803.3512761404618
39.9401802,32.8230003,21,0,1,800,800,340.87,0.53,0.4402740590091408,340.7291419860187,806.8028388585475,795.5994089801146
39.9401807,32.8230026,21,0,1,800,800,340.87,0.22,0.1661455846754242,341.08763717986983,802.0318912692903,798.0096035968484
39.940182,32.8230044,20,0,1,800,800,340.87,0.17,0.1913888282020696,340.88875428710685,797.1932024062594,798.136524684584
39.9401809,32.8230046,21,0,1,800,800,340.87,0.19,0.1790834734120315,340.6454674748711,801.3374815571501,801.2267809375523
39.9401812,32.8230053,19,0,1,800,800,-1.0,0.01,0.0170169202556158,359.0546890488192,799.1062203471059,800.1521476916643
39.9401813,32.8230073,21,0,1,800,800,340.87,0.1,0.1798495705707164,340.7870033071721,801.271661154468,804.5148066395413
39.9401813,32.8230101,18,0,1,800,800,340.87,0.17,0.2007361459402154,340.7114507815648,798.0589313963903,801.8723577024367
39.9401809,32.8230112,17,0,1,800,800,340.87,0.07,0.1118965744843659,340.7399511600122,804.5865776560809,799.2835837923758
39.9401815,32.8230124,16,0,1,800,800,-1.0,0.04,0.0544726345994302,359.0478576737591,799.5192848967366,800.2113085151682
39.9401824,32.823014,16,0,1,800,800,340.87,0.09,0.0142597320835702,340.8443559364845,807.3671499760269,796.6570804989378
39.9401814,32.8230152,16,0,1,800,800,340.87,0.1,0.1412652960940821,341.05683283949463,798.0938250474901,804.2156337845817
39.9401812,32.8230165,19,0,1,800,800,340.87,0.07,0.0736138339459791,340.7742558076455,798.8621703890886,803.1399358075748
39.9401865,32.8230139,21,0,1,800,800,340.87,0.08,0.0605880502750779,340.8032038593993,803.4713717654114,804.3202969316824
39.9401891,32.8230164,21,0,1,800,800,340.87,0.14,0.0727043828080146,340.8762023923935,801.243673345575,792.7401140007454
39.9401891,32.8230163,19,0,1,800,800,340.87,0.05,-0.0562041115906656,340.92187763446884,799.9555438010389,803.5845928696378
39.94019,32.8230172,18,0,1,800,800,340.87,0.1,0.0950557366588904,340.7017180481218,801.5859871137909,794.5433011638029
39.9401905,32.8230172,19,0,1,800,800,340.87,0.06,0.085598361785559,340.7157973723093,802.7759156633507,803.992462550493
39.9401911,32.8230181,19,0,1,800,800,340.87,0.09,0.0417108931671019,340.8578155239604,802.790795793091,802.2466234332036
39.9401911,32.8230176,20,0,1,800,800,-1.0,0.04,0.0797302196979742,359.0448568770803,802.8753730061431,795.4378525609485
39.94019,32.8230172,19,0,1,800,800,-1.0,0.04,0.0892509763571114,358.95779331842544,802.5791961434262,798.832860205499
39.9401888,32.8230172,19,0,1,800,800,340.87,0.07,0.0371158563707515,341.0234261016916,803.9715971606716,797.6773417468584
39.9401875,32.8230172,19,0,1,800,800,340.87,0.11,0.1562855186520768,340.7792218124031,801.8447485993026,800.1386442257714
39.9401864,32.8230177,20,0,1,800,800,340.87,0.1,0.0633321374413156,340.9461460727068,803.4890971020442,802.5352254185881
39.9401863,32.8230175,18,0,1,800,800,-1.0,0.04,0.0041103879234469,358.96876972893887,802.4562008802278,798.9788074913916
39.9401856,32.8230161,17,0,1,800,800,340.87,0.07,0.0208261730953956,340.6962925543709,803.1130099956988,801.9638199062431
39.9401856,32.8230148,19,0,1,800,800,-1.0,0.05,0.0501768586097119,358.95022148291304,799.9121833798627,795.797459154874
39.9401859,32.8230129,19,0,1,800,800,340.87,0.09,0.165480200655851,340.83628039671623,802.6056690388922,799.0096547472274
39.940186,32.8230129,17,0,1,800,800,-1.0,0.03,0.0550676056285106,359.0175790438901,801.0246482253875,802.5320559779248
39.9401857,32.8230178,17,0,1,800,800,340.87,0.29,0.3374846060234283,340.7696281790492,803.6589420824121,798.4936658339113
39.940184,32.8230198,17,0,1,800,800,340.87,0.26,0.2521004768023355,340.8783310719267,799.6764534755932,798.1600637046214
39.9401848,32.8230216,17,0,1,800,800,340.87,0.25,0.2010038383969306,340.833767734801,803.3289803212573,801.52487194452
39.9401842,32.8230201,17,0,1,800,800,340.87,0.07,0.0474420635732337,340.8467984359199,792.7256250262071,798.0019100919894
39.9401847,32.8230199,18,0,1,800,800,-1.0,0.05,0.0646205538761801,359.1957250068149,798.5346629694643,802.8236754119102
39.9401845,32.8230175,18,0,1,800,800,340.87,0.08,0.1067980114957256,340.8834847434041,800.1799906586875,798.0695284384868
39.9401837,32.823019,17,0,1,800,800,340.87,0.1,0.0680820243542655,340.9182814348179,802.7290568028208,801.6109875035868
39.9401829,32.8230218,17,0,1,800,800,340.87,0.16,0.1147189591804944,341.0107784788038,799.4448786140895,798.0963599723998
39.9401808,32.8230227,16,0,1,800,800,340.87,0.19,0.242253853365317,340.72701541669744,799.5610244761787,802.9821018459046
39.94018,32.8230219,15,0,1,800,800,340.87,0.09,0.1025590556991023,340.79281319197827,798.5580060123955,798.6150621505495
39.9401792,32.823017,16,0,1,800,800,340.87,0.15,0.2086369217889073,340.8455689305584,803.4524145727655,798.944240747365
39.9401798,32.8230176,16,0,1,800,800,340.87,0.07,0.0493468419011675,340.94223423551955,796.5861252705415,797.9783562371032
39.9401808,32.8230178,16,0,1,800,800,340.87,0.13,0.0513840214310932,340.793222055397,796.6706054842156,798.0801681501234
39.940181,32.8230155,16,0,1,800,800,-1.0,0.04,0.0575353509402908,358.9125794158147,804.7755166544309,801.9356521663387
39.940182,32.8230133,15,0,1,800,800,340.87,0.14,0.1299481198204458,340.8296393459175,795.7254111588404,800.2433463814591
39.9401815,32.8230111,15,0,1,800,800,340.87,0.1,0.1087911710287147,340.76107423721004,798.8659290584969,803.2309126509184
39.9401821,32.82301,14,0,1,800,800,340.87,0.06,0.0301710664310451,340.9377753007026,798.5080026858809,800.9120054526303
39.9401805,32.8230065,14,0,1,800,800,340.87,0.19,0.1566471009256262,340.9309543814824,804.7330924908294,795.158502797547
39.940181,32.8230047,15,0,1,800,800,340.87,0.12,0.0944566942277949,340.8951017837879,801.6889227476097,800.0095002765954
39.9401792,32.8230037,15,0,1,800,800,340.87,0.09,0.1014231413656394,340.92541955497,797.2476755253903,798.6046178971795
39.9401791,32.823005,14,0,1,800,800,-1.0,0.01,-0.1007623834307977,358.9413146513789,798.0393270683314,797.2923386704172
39.9401784,32.8230052,14,0,1,800,800,-1.0,0.04,0.0451010673841233,358.98397475923844,802.8880653048654,801.1616034544497
39.9401807,32.8230072,14,0,1,800,800,340.87,0.19,0.2156165660885205,340.9060579741301,797.3238966318214,805.4678786996433
39.9401809,32.8230077,14,0,1,800,800,340.87,0.09,0.1522505751537144,341.0344215149401,795.3630590526021,798.0272481862265
39.9401792,32.8230081,14,0,1,800,800,340.87,0.06,0.0954409162814812,340.8874893715732,805.1371069056485,802.4818332558194
39.9401791,32.8230078,14,0,1,800,800,-1.0,0.02,0.1302481148395308,359.01351881974296,801.3261114646483,798.5197530151153
39.9401797,32.8230074,13,0,1,800,800,-1.0,0.04,0.1443751108351881,358.84413569169783,795.2521416084849,800.5203696502085
39.9401805,32.8230082,13,0,1,800,800,-1.0,0.03,0.0225612386275794,359.0244845894422,801.9168936823571,797.2939034106086
39.9401805,32.8230085,13,0,1,800,800,-1.0,0.04,0.0046475146929257,359.05910850505154,800.8846611797146,801.4214799202563
39.9401818,32.8230086,13,0,1,800,800,340.87,0.12,0.197977663366927,340.8842272865052,802.383373701798,799.2368184865885
39.940182,32.8230093,13,0,1,800,800,340.87,0.06,0.0586534046724609,340.8734949538244,802.7357801628289,801.8855088563884
39.9401813,32.8230105,13,0,1,800,800,340.87,0.06,0.032285291600571,340.92001388247155,800.5433790218099,797.929959578839
39.940181,32.8230081,14,0,1,800,800,340.87,0.1,0.0785792434348048,340.81628790841893,799.1174068998705,803.6349775779521
39.9401825,32.8230096,14,0,1,800,800,340.87,0.06,0.0749915955113765,340.75446963605026,800.3517857379026,801.926727663045
39.9401822,32.8230089,14,0,1,800,800,-1.0,0.04,0.0041727935687289,359.0187262766248,801.8145715347385,801.2190630493732
39.9401823,32.8230085,14,0,1,800,800,-1.0,0.03,0.0208731433870156,358.8338233981954,805.1260837582283,801.8091782856341
39.9401823,32.8230062,14,0,1,800,800,-1.0,0.04,-0.0067236673430155,358.9243660798741,801.2736854637473,802.4486893358485
39.9401826,32.8230037,14,0,1,800,800,340.87,0.06,0.0277403848263111,341.01591969577623,798.4511520779378,797.1297595394001
39.9401848,32.8229962,15,0,1,800,800,340.87,0.36,0.3883872609368144,340.9690789961377,795.0433843726228,802.3707629276063
39.9401844,32.822995,14,0,1,800,800,340.87,0.1,0.0543983970440675,340.8922161223086,800.078522189953,798.2205633984097
39.9401849,32.8229942,14,0,1,800,800,340.87,0.07,0.0930425405125622,340.85577337089177,800.6087790757355,803.7557629753659
39.9401867,32.8229925,14,0,1,800,800,340.87,0.15,0.1483210833435753,340.75517983988846,795.2444688048869,798.198760028261
39.9401875,32.8229907,14,0,1,800,800,340.87,0.13,0.0963527037930532,340.7356920393024,796.8413082340504,797.386719730777
39.9401905,32.8229938,15,0,1,800,800,340.87,0.08,0.0816053245021408,340.88179925096927,804.6127593452068,799.3539081776354
39.9401935,32.822997,15,0,1,800,800,340.87,0.07,0.0947069242069509,340.8736655817649,800.2595441431243,804.3202670582692
39.9401966,32.8229987,15,0,1,800,800,340.87,0.1,0.1537802068900807,340.6983835752463,807.9425833309156,800.1281781590462
39.9401994,32.8230054,16,0,1,800,800,340.87,0.1,0.038696084149355,340.95071663557815,803.9386613272875,799.1697700867811
39.9401986,32.8230039,14,0,1,800,800,-1.0,0.02,-0.0297129009286602,358.9079956830354,803.2999984158389,799.2374568811396
39.9401965,32.8230021,13,0,1,800,800,340.87,0.09,0.0733234396018285,340.7737124686163,803.469217196722,797.0066851370398
39.9401964,32.823001,12,0,1,800,800,340.87,0.05,0.1222070920705574,340.8414916102959,802.9926155419995,801.5471121446143
39.9402,32.8229965,13,0,1,800,800,340.87,0.16,0.2522132695733522,340.8604413032225,800.1193208794303,804.345932580445
39.9401995,32.8229938,13,0,1,800,800,-1.0,0.03,0.039579132591239,359.0856581696906,800.7484118428495,798.9520526804547
39.9401962,32.822985,13,0,1,800,800,340.87,0.08,0.0135370325167585,340.7041885468001,799.4070072260264,797.9891833754274
39.9401923,32.8229748,14,0,1,800,800,340.87,0.1,0.1075603124880461,340.711866171537,798.0423627937392,796.9201767511803
39.9401908,32.8229726,14,0,1,800,800,340.87,0.1,0.134903891570349,340.97097823230075,796.8457056671504,799.9314378897466
39.9401892,32.8229702,15,0,1,800,800,340.87,0.05,-0.0006497483044168,340.9678942030109,799.6579071225902,794.5717149892905
39.9401877,32.8229659,15,0,1,800,800,340.87,0.12,0.0914116428424269,340.9034988010709,794.062622435117,801.8384923821326
39.9401854,32.8229641,15,0,1,800,800,340.87,0.08,0.0073000823979283,340.8717910047721,797.2883444672027,799.9409224766947
39.9401838,32.8229612,15,0,1,800,800,340.87,0.06,0.2268504573530409,340.8819952682378,799.080053581983,797.3318219422597
39.9401781,32.8229648,16,0,1,800,800,340.87,0.41,0.3818128141122364,340.9807170387036,801.2360747270051,799.2055671959953
39.9401764,32.8229637,15,0,1,800,800,340.87,0.13,0.1190520100694632,341.0182585446916,795.8869514417175,801.4631761042327
39.9401747,32.8229615,15,0,1,800,800,340.87,0.09,0.137273131826754,340.9146402402304,798.8969931836225,801.9891601721956
39.9401729,32.8229588,15,0,1,800,800,340.87,0.09,0.0853779032228149,340.8014558644145,803.2578315728989,807.143921465986
39.9401678,32.8229617,15,0,1,800,800,340.87,0.09,0.0561891999721072,340.8633940876621,798.6943244499366,795.4911951392747
39.9401647,32.8229658,15,0,1,800,800,340.87,0.14,0.0704659096941111,340.90152456334704,800.5281036325587,793.010481639455
39.9401659,32.822965,14,0,1,800,800,340.87,0.18,0.2062671548917972,340.8079336581018,799.9565480292555,801.6997376988114
39.9401674,32.8229646,14,0,1,800,800,340.87,0.2,0.1562969768077633,340.8261463217892,799.6029748476166,798.8293107176448
39.9401669,32.8229646,15,0,1,800,800,340.87,0.12,0.20805090503653,340.97439563689176,796.4200908311391,795.2545749861516
39.9401647,32.8229631,15,0,1,800,800,-1.0,0.04,-0.005156094548514,358.9033906419171,798.3280086478215,801.1051343719735
39.9401645,32.8229651,15,0,1,800,800,340.87,0.14,0.0967317752282622,340.79615735220534,800.0109489380044,801.0916376036922
39.9401623,32.8229655,16,0,1,800,800,340.87,0.1,0.0542549649936748,341.0848698035813,796.5614271380584,805.2025266251833
39.9401567,32.8229655,16,0,1,800,800,340.87,0.3,0.3144660681247458,340.7617722749745,804.4896812556851,797.2662376900871
39.9401566,32.8229647,15,0,1,800,800,340.87,0.11,0.1155381009428455,340.7760305509102,799.7905408780088,797.4462370830179
39.9401545,32.8229657,17,0,1,800,800,340.87,0.06,0.0252534357073693,340.8116281961781,799.6784617042896,802.8391866195855
39.94015,32.8229681,18,0,1,800,800,340.87,0.05,0.1033009748883713,340.8103910167908,805.7544121715025,802.6990287373028
39.9401444,32.8229672,17,0,1,800,800,340.87,0.17,0.1019136321992438,340.88667874656363,800.2054530913731,796.0840147621564
39.9401407,32.8229683,16,0,1,800,800,340.87,0.13,0.1354012833142513,340.9338605230395,799.8333587469938,803.4290939488084
39.9401396,32.8229664,15,0,1,800,800,340.87,0.08,-0.0073781769343372,340.8095864221762,803.4760722255473,800.3670261084671
39.9401392,32.822965,16,0,1,800,800,-1.0,0.01,-0.014367348268492,359.0692719051366,798.1799070764986,796.9681879118109
39.9401411,32.8229643,16,0,1,800,800,340.87,0.09,0.0918124406464521,340.9486839712175,794.119116465311,802.1753787149593
39.9401423,32.8229638,14,0,1,800,800,340.87,0.1,0.0470369550483049,340.9697532506085,801.4445306672625,801.0019552712088
39.9401431,32.8229651,14,0,1,800,800,340.87,0.08,0.1088339847205588,340.9275669502444,800.9758520204417,802.0713224625357
39.9401441,32.8229653,16,0,1,800,800,340.87,0.12,0.2067741496853867,340.8472200185776,803.9069339852749,800.7953917715708
39.9401455,32.822967,15,0,1,800,800,340.87,0.11,0.104639907178199,340.7167661172856,799.8019878027959,798.8108894283721
39.9401433,32.8229684,15,0,1,800,800,340.87,0.18,0.2356777959692,340.7719117607049,802.1600980563691,804.0830506059893
39.9401428,32.8229724,14,0,1,800,800,340.87,0.21,0.2096469889036667,340.9044848277636,800.5272324497523,800.5148788117325
39.9401412,32.8229715,15,0,1,800,800,340.87,0.09,0.1400910329668226,341.0035454749986,797.8528112499868,800.7487699781187
39.9401425,32.8229711,16,0,1,800,800,340.87,0.1,0.0292077280679933,340.8267621452198,800.8227787483168,804.9966881773645
39.9401466,32.8229731,14,0,1,800,800,340.87,0.25,0.2467617513271478,340.9553372581234,798.1505541093112,797.810469921489
39.9401457,32.8229743,15,0,1,800,800,340.87,0.06,0.0144591304028326,340.92104242729914,802.0888436828554,798.5035870614785
39.9401462,32.8229749,15,0,1,800,800,340.87,0.07,0.1450757929165322,340.86817729510204,799.3175342249704,799.3828660003892
39.9401454,32.8229751,14,0,1,800,800,-1.0,0.01,0.0436758089426015,358.9672841767912,800.4239140056621,797.7381410961732
39.9401468,32.822976,15,0,1,800,800,340.87,0.06,0.0062547975448587,340.86452752972286,799.0121769908486,797.9774119340233
39.94015,32.8229765,17,0,1,800,800,340.87,0.23,0.2724466457451706,340.9433269652887,802.5572679675344,796.6591604627179
39.9401503,32.8229741,16,0,1,800,800,340.87,0.18,0.0750744611161968,340.6451027880834,802.0749528663366,795.5951533530987
39.9401511,32.8229715,17,0,1,800,800,340.87,0.15,0.1996469205253828,340.7991659632649,797.1923365435231,800.28647599189
39.9401548,32.8229704,17,0,1,800,800,340.87,0.21,0.3123144606831622,340.96516126034044,796.7515490022124,804.4585536516066
39.9401563,32.8229673,15,0,1,800,800,340.87,0.2,0.2178330046605926,340.8399841859323,802.1730571301814,800.6295683377032
39.9401574,32.8229663,17,0,1,800,800,340.87,0.15,0.1111858871945075,340.9352654214926,795.656825098309,796.3998612531287
39.9401565,32.8229621,18,0,1,800,800,340.87,0.16,0.2055282466243117,340.96585836124666,802.9810180310975,795.3792201648934
39.9401577,32.8229621,17,0,1,800,800,340.87,0.12,0.1327921297424714,340.5369976803449,798.3756978760068,799.8755198579358
39.9401642,32.8229543,16,0,1,800,800,331.79,0.75,0.7752591575346022,331.8185523696825,798.9381453154998,800.6069010313776
39.9401646,32.8229551,17,0,1,800,800,331.79,0.19,0.2178180691207929,331.86469750320373,798.5321766999308,796.3501752026805
39.9401654,32.8229492,17,0,1,800,800,331.79,0.42,0.4410097969063888,331.7430691720264,800.0145981891943,802.3019837986092
39.940164,32.8229585,18,0,1,800,800,331.79,0.4,0.53811704307745,331.7077366810763,793.9262153522412,805.5461718774818
39.9401626,32.8229601,17,0,1,800,800,331.79,0.22,0.1441975520132137,331.8972504184903,797.7115812349128,800.1085269299662
39.9401616,32.8229597,17,0,1,800,800,331.79,0.08,0.1221229392846411,331.78572650196173,802.3012158679994,800.50401390445
39.9401616,32.8229594,17,0,1,800,800,331.79,0.07,0.1430958666598477,331.7762518432524,800.7416896991988,800.3721542456651
39.9401608,32.822959,16,0,1,800,800,331.79,0.09,0.0596513727659713,331.7743518806752,802.5028350451664,802.8783761148592
39.9401596,32.8229597,16,0,1,800,800,331.79,0.15,0.1408717118752149,331.89837598928955,799.4096011553728,801.0125006091042
39.940161,32.8229589,16,0,1,800,800,331.79,0.05,0.1594418930519471,331.8508912859561,793.6566960793236,801.4588231903991
39.940162,32.8229594,16,0,1,800,800,-1.0,0.04,0.0738258698763841,358.97986432010856,794.8599368122136,799.8827021791611
39.940163,32.8229588,16,0,1,800,800,331.79,0.07,0.1208779764657553,331.5692203299872,802.800843964532,799.4474718719481
39.9401631,32.8229588,16,0,1,800,800,-1.0,0.03,0.0215215821350924,358.9987479102508,802.0644533503624,798.8513552949851
39.9401633,32.8229584,16,0,1,800,800,-1.0,0.03,0.0518414116834501,359.065275308602,794.6033694856934,801.9045439870757
39.9401648,32.8229597,16,0,1,800,800,331.79,0.1,0.105339916654757,331.5715526288494,806.3969509948906,801.2349909129242
39.9401627,32.8229609,17,0,1,800,800,331.79,0.12,0.0821295564801262,331.9230532793625,795.4312871064777,797.1851756433388
39.9401633,32.8229622,18,0,1,800,800,-1.0,0.02,0.0125640351788994,358.98917760384273,799.4616339281699,803.386993037752
39.9401636,32.822965,18,0,1,800,800,-1.0,0.04,-0.0048050339750089,359.0542360110246,799.7450868819665,800.1388283715887
39.9401651,32.8229686,18,0,1,800,800,331.79,0.09,0.0992338916930478,331.786084286451,806.0568516069811,797.6053328502304
39.9401637,32.8229697,18,0,1,800,800,331.79,0.07,0.0194043456602743,331.8186195352162,805.3818798055539,801.5834460485926
39.9401636,32.8229696,18,0,1,800,800,-1.0,0.05,0.0765711975372559,358.8784222308917,801.3196115395053,795.9050885112069
39.9401638,32.8229713,18,0,1,800,800,331.79,0.06,0.0462689541403889,331.8833343432535,798.678077203017,802.9711482590914
39.9401634,32.822973,18,0,1,800,800,331.79,0.08,0.1325423996727515,331.9301285706782,803.2683886040743,807.4836897884248
39.9401639,32.8229709,18,0,1,800,800,331.79,0.11,0.0149997044948817,331.866203572015,803.1416592922036,794.6486068452381
39.9401637,32.8229706,18,0,1,800,800,331.79,0.06,0.1701807106772897,331.6299833149242,801.9170805874235,793.74610126075
39.9401632,32.8229734,16,0,1,800,800,331.79,0.13,0.2124709791036819,331.7552345103803,799.8269070910122,800.4634192401576
39.9401619,32.8229737,15,0,1,800,800,331.79,0.14,0.0218919588080516,331.853069044249,799.0730024991872,797.4268601980114
39.940161,32.8229735,16,0,1,800,800,-1.0,0.05,0.0770555172603662,359.0510829435479,798.2160126744947,800.7918684414306
39.9401608,32.8229743,15,0,1,800,800,331.79,0.06,0.1062010288015434,331.8725628312842,802.3559298360235,795.8824943294702
39.9401603,32.8229733,15,0,1,800,800,331.79,0.13,0.106055880970699,331.7946820638548,799.5713314450607,798.3953526816025
39.9401617,32.8229767,15,0,1,800,800,331.79,0.14,0.0195273214700763,331.81168336005294,802.9516499590521,798.0367326062805
39.9401628,32.8229779,16,0,1,800,800,331.79,0.07,0.0850090265333655,331.90565734462456,800.9226860551486,804.0240454121304
39.9401634,32.8229782,16,0,1,800,800,-1.0,0.03,0.1233196513026779,359.26868131280827,798.5442191879088,796.7009093396027
39.9401646,32.8229805,17,0,1,800,800,331.79,0.1,0.0921113179048309,331.8153133933784,797.8280328846488,800.2981850021808
39.9401659,32.8229805,17,0,1,800,800,331.79,0.1,0.0825343178805032,331.63311785386395,796.3093327967522,795.4008842290848
39.9401668,32.8229819,17,0,1,800,800,-1.0,0.04,0.0263920568418205,358.99756947751854,802.257271592677,798.2883620237855
39.9401672,32.822982,17,0,1,800,800,331.79,0.07,0.070485102821337,331.8720055193844,803.9512965669549,800.1845759073672
39.9401683,32.8229826,17,0,1,800,800,331.79,0.08,0.1020264421459131,331.6024154181911,796.9093062950608,795.6340135335397
39.9401692,32.822984,17,0,1,800,800,-1.0,0.03,0.0447812482052344,359.0207105652817,797.2692449089095,798.1302185019018
39.9401702,32.8229869,17,0,1,800,800,331.79,0.14,0.0552743064717502,331.73018842780414,800.4960619493347,798.306694990589
39.9401709,32.8229889,17,0,1,800,800,331.79,0.09,0.1857692467213013,331.8081834100754,802.5841894401176,802.1517288293322
39.9401703,32.8229913,17,0,1,800,800,331.79,0.09,-0.0162489758342467,331.91823302246985,800.0132406657841,800.6069928000319
39.9401703,32.8229923,16,0,1,800,800,-1.0,0.05,0.0783176327755107,358.9939986794237,806.24595309239,803.9648128039161
39.9401697,32.8229925,16,0,1,800,800,-1.0,0.02,-0.071616285188254,358.8702847106369,797.9810717435753,802.153767338194
39.9401702,32.8229954,16,0,1,800,800,331.79,0.11,0.0874162091915097,331.7295893586003,798.9302825925768,798.8095201836011
39.9401718,32.8230011,15,0,1,800,800,331.79,0.41,0.3978871721450142,331.7666917652097,800.6288830487923,793.2624435434682
39.9401721,32.8230024,15,0,1,800,800,331.79,0.13,0.1341134686127666,331.864969010261,794.0492547532506,801.5857184078681
39.9401714,32.8230029,14,0,1,800,800,-1.0,0.01,-0.0209954151286225,359.130435824822,798.3357398089962,802.2276337560737
39.9401716,32.8230045,14,0,1,800,800,331.79,0.1,0.0727415689575763,331.739494456943,792.8705592983861,802.6620787963661
39.9401719,32.8230054,14,0,1,800,800,-1.0,0.05,0.0877787731370314,359.00651410936496,799.2016093214769,799.9100599581681
39.9401715,32.8230053,14,0,1,800,800,331.79,0.07,0.1421481628244352,331.74268569375545,794.4496799491675,801.2383091969954
39.9401718,32.8230058,13,0,1,800,800,331.79,0.06,0.023483408476579,331.8577641319244,796.9480764122643,802.5195240049309
39.9401719,32.8230068,13,0,1,800,800,-1.0,0.03,-0.0292900181137061,359.00375946946406,794.1070037143011,798.9423841575097
39.9401727,32.8230086,13,0,1,800,800,-1.0,0.04,0.0875809623341677,359.0695318966976,798.3653096476412,803.621562160918
39.9401731,32.82301,13,0,1,800,800,331.79,0.06,0.114974707459855,331.9376983361021,802.489028660599,796.9943485164932
39.9401734,32.82301,14,0,1,800,800,-1.0,0.04,0.0875833761314493,359.0796374294707,803.2156139983615,800.600315791754
39.9401736,32.8230101,15,0,1,800,800,-1.0,0.05,0.0877856639212308,359.0655331129737,799.9277377165743,799.6635630560293
39.9401743,32.8230116,15,0,1,800,800,-1.0,0.03,-0.0306114721980189,358.973407903294,801.6900051711742,800.9948064106652
39.9401745,32.8230105,15,0,1,800,800,331.79,0.08,0.088026977969645,331.660664672203,798.7066450535949,801.036990639026
39.9401746,32.8230096,15,0,1,800,800,331.79,0.06,0.0629969871927558,331.76774378453626,802.4225178127015,804.368141579037
39.9401754,32.8230114,16,0,1,800,800,-1.0,0.03,0.0805504875056289,358.87190385012315,801.061800745671,796.2328312571909
39.9401758,32.8230101,15,0,1,800,800,331.79,0.1,0.0864361832245745,331.8917933491932,800.4084738380775,799.2324092451078
39.9401788,32.8230162,15,0,1,800,800,331.79,0.13,0.1640591768458948,331.82755640457697,791.5475922737533,794.889206788698
39.9401804,32.8230209,15,0,1,800,800,331.79,0.14,0.1374713919403407,331.9184690783065,796.6207708479402,796.6461361008327
39.9401796,32.8230204,14,0,1,800,800,331.79,0.18,0.1814542464421389,331.90053086331227,798.9321534669455,797.9312912247602
39.9401792,32.8230256,14,0,1,800,800,331.79,0.13,0.1114938362728507,331.939010836841,798.5207738847034,801.2143941906438
39.9401786,32.8230269,14,0,1,800,800,331.79,0.06,0.013248771321358,331.8905267314561,801.0970025079912,796.1182466198966
39.9401777,32.8230272,13,0,1,800,800,-1.0,0.04,0.0826543313272441,359.0612087986142,803.9936781068185,802.8969913253511
39.9401764,32.8230274,14,0,1,800,800,331.79,0.11,0.1373626730684531,331.83600484036083,805.3058244593616,799.6657807349171
39.9401749,32.8230281,14,0,1,800,800,331.79,0.1,0.0801287387956666,331.74826015479454,797.7713169040318,807.7857002751045
39.9401729,32.8230284,13,0,1,800,800,331.79,0.06,0.0464949742433482,331.7354694371583,799.4142894002065,797.7136033342556
39.9401714,32.8230293,14,0,1,800,800,331.79,0.05,0.0409986561917679,331.89783081059574,806.1560723829083,805.4028398003895
39.9401697,32.8230293,14,0,1,800,800,-1.0,0.02,0.0455024530927474,359.0687074793982,806.1524711013313,798.9318091564328
39.9401686,32.8230275,16,0,1,800,800,331.79,0.09,0.1782365480725738,331.7114463125229,797.3774406432191,801.8780955749618
